,,,,,
22763,4380,0.00438,91052,0,5
,,,,,
83097,18077,0.018077,332388,0,5
,,,,,
81052,17091,0.017091,324208,0,5
,,,,,
91892,20046,0.020046,367568,0,5
,,,,,
66922,17283,0.017283,267688,0,5
,,,,,
25999,4870,0.00487,103996,0,5
,,,,,
73970,15674,0.015674,295880,0,5
,,,,,
25448,4881,0.004881,101792,0,5
,,,,,
88419,19010,0.01901,353676,0,5
,,,,,
71847,16955,0.016955,287388,0,5
,,,,,
32922,6786,0.006786,131688,0,5
,,,,,
72294,15720,0.01572,289176,0,5
,,,,,
71713,14854,0.014854,286852,0,5
,,,,,
16214,2943,0.002943,64856,0,5
,,,,,
35342,7052,0.007052,141368,0,5
,,,,,
11144,2025,0.002025,44576,0,5
,,,,,
76698,16153,0.016153,306792,0,5
,,,,,
78868,17062,0.017062,315472,0,5
,,,,,
26964,5193,0.005193,107856,0,5
,,,,,
61700,12811,0.012811,246800,0,5
,,,,,
77058,16236,0.016236,308232,0,5
,,,,,
34835,6622,0.006622,139340,0,5
,,,,,
66927,14395,0.014395,267708,0,5
,,,,,
20920,3984,0.003984,83680,0,5
,,,,,
54316,11398,0.011398,217264,0,5
,,,,,
80504,16652,0.016652,322016,0,5
,,,,,
13530,2531,0.002531,54120,0,5
,,,,,
79412,17555,0.017555,317648,0,5
,,,,,
23085,4373,0.004373,92340,0,5
,,,,,
71452,15264,0.015264,285808,0,5
,,,,,
37090,7390,0.00739,148360,0,5
,,,,,
18856,3517,0.003517,75424,0,5
,,,,,
91412,19161,0.019161,365648,0,5
,,,,,
99307,21703,0.021703,397228,0,5
,,,,,
16478,2998,0.002998,65912,0,5
,,,,,
93373,19555,0.019555,373492,0,5
,,,,,
37831,7273,0.007273,151324,0,5
,,,,,
53967,11069,0.011069,215868,0,5
,,,,,
71672,14840,0.01484,286688,0,5
,,,,,
31003,5971,0.005971,124012,0,5
,,,,,
66539,13503,0.013503,266156,0,5
,,,,,
56061,11574,0.011574,224244,0,5
,,,,,
79470,16825,0.016825,317880,0,5
,,,,,
74912,15778,0.015778,299648,0,5
,,,,,
73467,17240,0.01724,293868,0,5
,,,,,
98914,21612,0.021612,395656,0,5
,,,,,
61454,12716,0.012716,245816,0,5
,,,,,
18939,3460,0.00346,75756,0,5
,,,,,
60235,12639,0.012639,240940,0,5
,,,,,
35932,6972,0.006972,143728,0,5
,,,,,
64980,13762,0.013762,259920,0,5
,,,,,
16786,3166,0.003166,67144,0,5
,,,,,
65204,14032,0.014032,260816,0,5
,,,,,
35029,7131,0.007131,140116,0,5
,,,,,
58243,11901,0.011901,232972,0,5
,,,,,
86804,18921,0.018921,347216,0,5
,,,,,
37070,7349,0.007349,148280,0,5
,,,,,
70418,14883,0.014883,281672,0,5
,,,,,
13525,2561,0.002561,54100,0,5
,,,,,
86738,18467,0.018467,346952,0,5
,,,,,
46151,9720,0.00972,184604,0,5
,,,,,
71986,15277,0.015277,287944,0,5
,,,,,
86072,18606,0.018606,344288,0,5
,,,,,
17453,3295,0.003295,69812,0,5
,,,,,
53470,11440,0.01144,213880,0,5
,,,,,
55633,12329,0.012329,222532,0,5
,,,,,
66589,13974,0.013974,266356,0,5
,,,,,
46628,9413,0.009413,186512,0,5
,,,,,
62383,12758,0.012758,249532,0,5
,,,,,
17195,3250,0.00325,68780,0,5
,,,,,
35783,6933,0.006933,143132,0,5
,,,,,
90576,19523,0.019523,362304,0,5
,,,,,
33662,6579,0.006579,134648,0,5
,,,,,
40346,7893,0.007893,161384,0,5
,,,,,
34581,6760,0.00676,138324,0,5
,,,,,
74082,15780,0.01578,296328,0,5
,,,,,
10199,1802,0.001802,40796,0,5
,,,,,
92631,19585,0.019585,370524,0,5
,,,,,
95987,21003,0.021003,383948,0,5
,,,,,
28386,5773,0.005773,113544,0,5
,,,,,
54473,11538,0.011538,217892,0,5
,,,,,
55440,11397,0.011397,221760,0,5
,,,,,
67504,14338,0.014338,270016,0,5
,,,,,
15006,2950,0.00295,60024,0,5
,,,,,
97267,21299,0.021299,389068,0,5
,,,,,
11881,2187,0.002187,47524,0,5
,,,,,
50801,10324,0.010324,203204,0,5
,,,,,
93249,19865,0.019865,372996,0,5
,,,,,
81720,17681,0.017681,326880,0,5
,,,,,
49202,10096,0.010096,196808,0,5
,,,,,
86383,20108,0.020108,345532,0,5
,,,,,
48469,9715,0.009715,193876,0,5
,,,,,
82172,17697,0.017697,328688,0,5
,,,,,
31891,6062,0.006062,127564,0,5
,,,,,
68440,14177,0.014177,273760,0,5
,,,,,
91177,19180,0.01918,364708,0,5
,,,,,
58541,12204,0.012204,234164,0,5
,,,,,
64353,13214,0.013214,257412,0,5
,,,,,
18994,3677,0.003677,75976,0,5
,,,,,
41275,8068,0.008068,165100,0,5
,,,,,
68153,13137,0.013137,272612,0,6
,,,,,
74565,14533,0.014533,298260,0,6
,,,,,
38700,7172,0.007172,154800,0,6
,,,,,
56854,10961,0.010961,227416,0,6
,,,,,
31689,5454,0.005454,126756,0,6
,,,,,
76478,16254,0.016254,305912,0,6
,,,,,
87860,16914,0.016914,351440,0,6
,,,,,
26479,5072,0.005072,105916,0,6
,,,,,
84856,17926,0.017926,339424,0,6
,,,,,
53554,10205,0.010205,214216,0,6
,,,,,
85459,17980,0.01798,341836,0,6
,,,,,
93658,18214,0.018214,374632,0,6
,,,,,
29473,5181,0.005181,117892,0,6
,,,,,
47150,8596,0.008596,188600,0,6
,,,,,
71234,13617,0.013617,284936,0,6
,,,,,
17570,2939,0.002939,70280,0,6
,,,,,
45266,8610,0.00861,181064,0,6
,,,,,
32249,6295,0.006295,128996,0,6
,,,,,
68512,13275,0.013275,274048,0,6
,,,,,
71661,13776,0.013776,286644,0,6
,,,,,
76190,17246,0.017246,304760,0,6
,,,,,
95620,18088,0.018088,382480,0,6
,,,,,
93513,18132,0.018132,374052,0,6
,,,,,
23578,3885,0.003885,94312,0,6
,,,,,
43001,7576,0.007576,172004,0,6
,,,,,
70033,14518,0.014518,280132,0,6
,,,,,
21983,3856,0.003856,87932,0,6
,,,,,
57916,11314,0.011314,231664,0,6
,,,,,
31472,5502,0.005502,125888,0,6
,,,,,
73679,15163,0.015163,294716,0,6
,,,,,
51456,9218,0.009218,205824,0,6
,,,,,
37757,7167,0.007167,151028,0,6
,,,,,
94816,20134,0.020134,379264,0,6
,,,,,
45612,8448,0.008448,182448,0,6
,,,,,
34406,6374,0.006374,137624,0,6
,,,,,
12768,2074,0.002074,51072,0,6
,,,,,
21840,3733,0.003733,87360,0,6
,,,,,
20356,3707,0.003707,81424,0,6
,,,,,
40945,7891,0.007891,163780,0,6
,,,,,
84871,17027,0.017027,339484,0,6
,,,,,
30129,5266,0.005266,120516,0,6
,,,,,
19611,3613,0.003613,78444,0,6
,,,,,
17160,2865,0.002865,68640,0,6
,,,,,
96907,21522,0.021522,387628,0,6
,,,,,
40778,7233,0.007233,163112,0,6
,,,,,
12816,2101,0.002101,51264,0,6
,,,,,
60757,11619,0.011619,243028,0,6
,,,,,
24997,4198,0.004198,99988,0,6
,,,,,
47351,8655,0.008655,189404,0,6
,,,,,
38277,7380,0.00738,153108,0,6
,,,,,
38863,7235,0.007235,155452,0,6
,,,,,
44762,7970,0.00797,179048,0,6
,,,,,
54995,10609,0.010609,219980,0,6
,,,,,
20713,3559,0.003559,82852,0,6
,,,,,
35679,6306,0.006306,142716,0,6
,,,,,
89067,16961,0.016961,356268,0,6
,,,,,
99173,21354,0.021354,396692,0,6
,,,,,
68493,14900,0.0149,273972,0,6
,,,,,
58776,10823,0.010823,235104,0,6
,,,,,
74129,13939,0.013939,296516,0,6
,,,,,
65784,12081,0.012081,263136,0,6
,,,,,
15338,2476,0.002476,61352,0,6
,,,,,
25919,4415,0.004415,103676,0,6
,,,,,
36861,6931,0.006931,147444,0,6
,,,,,
35563,6289,0.006289,142252,0,6
,,,,,
54593,10811,0.010811,218372,0,6
,,,,,
66145,12533,0.012533,264580,0,6
,,,,,
39196,6929,0.006929,156784,0,6
,,,,,
81885,16600,0.0166,327540,0,6
,,,,,
50474,9229,0.009229,201896,0,6
,,,,,
77230,16076,0.016076,308920,0,6
,,,,,
13391,2485,0.002485,53564,0,6
,,,,,
69953,13396,0.013396,279812,0,6
,,,,,
72066,14666,0.014666,288264,0,6
,,,,,
50509,11686,0.011686,202036,0,6
,,,,,
26428,6225,0.006225,105712,0,6
,,,,,
29141,6670,0.00667,116564,0,6
,,,,,
27061,7096,0.007096,108244,0,6
,,,,,
93036,17530,0.01753,372144,0,6
,,,,,
91727,17261,0.017261,366908,0,6
,,,,,
23339,3950,0.00395,93356,0,6
,,,,,
45469,9396,0.009396,181876,0,6
,,,,,
43144,7801,0.007801,172576,0,6
,,,,,
89570,19119,0.019119,358280,0,6
,,,,,
21178,4136,0.004136,84712,0,6
,,,,,
79817,15920,0.01592,319268,0,6
,,,,,
88836,17555,0.017555,355344,0,6
,,,,,
29764,5235,0.005235,119056,0,6
,,,,,
74854,14752,0.014752,299416,0,6
,,,,,
71918,13388,0.013388,287672,0,6
,,,,,
93113,19462,0.019462,372452,0,6
,,,,,
40396,8314,0.008314,161584,0,6
,,,,,
21965,4496,0.004496,87860,0,6
,,,,,
89911,19527,0.019527,359644,0,6
,,,,,
89111,17445,0.017445,356444,0,6
,,,,,
88087,19275,0.019275,352348,0,6
,,,,,
54547,10305,0.010305,218188,0,6
,,,,,
71031,13655,0.013655,284124,0,6
,,,,,
36723,6555,0.006555,146892,0,6
,,,,,
88517,17712,0.017712,354068,0,6
,,,,,
33236,11308,0.011308,132944,0,7
,,,,,
28448,8322,0.008322,113792,0,7
,,,,,
53581,18255,0.018255,214324,0,7
,,,,,
89400,32620,0.03262,357600,0,7
,,,,,
62787,21907,0.021907,251148,0,7
,,,,,
49082,16705,0.016705,196328,0,7
,,,,,
33116,11269,0.011269,132464,0,7
,,,,,
53364,18472,0.018472,213456,0,7
,,,,,
93423,37014,0.037014,373692,0,7
,,,,,
77184,30021,0.030021,308736,0,7
,,,,,
28396,8421,0.008421,113584,0,7
,,,,,
11682,2932,0.002932,46728,0,7
,,,,,
65524,24097,0.024097,262096,0,7
,,,,,
72237,27449,0.027449,288948,0,7
,,,,,
84821,31874,0.031874,339284,0,7
,,,,,
85251,29491,0.029491,341004,0,7
,,,,,
79350,26472,0.026472,317400,0,7
,,,,,
81030,26846,0.026846,324120,0,7
,,,,,
32356,10317,0.010317,129424,0,7
,,,,,
48816,15989,0.015989,195264,0,7
,,,,,
97571,34028,0.034028,390284,0,7
,,,,,
34191,11072,0.011072,136764,0,7
,,,,,
62612,21241,0.021241,250448,0,7
,,,,,
25627,7236,0.007236,102508,0,7
,,,,,
37587,12591,0.012591,150348,0,7
,,,,,
61016,21003,0.021003,244064,0,7
,,,,,
93317,35553,0.035553,373268,0,7
,,,,,
76248,25155,0.025155,304992,0,7
,,,,,
70682,23270,0.02327,282728,0,7
,,,,,
20854,5815,0.005815,83416,0,7
,,,,,
18579,5018,0.005018,74316,0,7
,,,,,
26173,7234,0.007234,104692,0,7
,,,,,
64012,22290,0.02229,256048,0,7
,,,,,
16727,4259,0.004259,66908,0,7
,,,,,
38406,12374,0.012374,153624,0,7
,,,,,
79559,26568,0.026568,318236,0,7
,,,,,
56685,18582,0.018582,226740,0,7
,,,,,
47601,15607,0.015607,190404,0,7
,,,,,
43734,14877,0.014877,174936,0,7
,,,,,
41733,13540,0.01354,166932,0,7
,,,,,
24006,6694,0.006694,96024,0,7
,,,,,
22861,6454,0.006454,91444,0,7
,,,,,
61605,20567,0.020567,246420,0,7
,,,,,
83929,27852,0.027852,335716,0,7
,,,,,
26931,8447,0.008447,107724,0,7
,,,,,
69895,22895,0.022895,279580,0,7
,,,,,
38785,12468,0.012468,155140,0,7
,,,,,
22992,6698,0.006698,91968,0,7
,,,,,
55376,18406,0.018406,221504,0,7
,,,,,
22322,6269,0.006269,89288,0,7
,,,,,
75801,25364,0.025364,303204,0,7
,,,,,
19799,5514,0.005514,79196,0,7
,,,,,
76036,24647,0.024647,304144,0,7
,,,,,
58273,18958,0.018958,233092,0,7
,,,,,
11368,2697,0.002697,45472,0,7
,,,,,
64148,24794,0.024794,256592,0,7
,,,,,
78044,36291,0.036291,312176,0,7
,,,,,
50486,16290,0.01629,201944,0,7
,,,,,
84721,29791,0.029791,338884,0,7
,,,,,
57373,18323,0.018323,229492,0,7
,,,,,
66864,21474,0.021474,267456,0,7
,,,,,
75938,24743,0.024743,303752,0,7
,,,,,
42555,13592,0.013592,170220,0,7
,,,,,
69836,22637,0.022637,279344,0,7
,,,,,
82619,26530,0.02653,330476,0,7
,,,,,
10098,2318,0.002318,40392,0,7
,,,,,
16336,4082,0.004082,65344,0,7
,,,,,
27512,7781,0.007781,110048,0,7
,,,,,
71396,24118,0.024118,285584,0,7
,,,,,
47167,15044,0.015044,188668,0,7
,,,,,
28381,8209,0.008209,113524,0,7
,,,,,
11523,2680,0.00268,46092,0,7
,,,,,
95728,31405,0.031405,382912,0,7
,,,,,
64008,24061,0.024061,256032,0,7
,,,,,
75710,26463,0.026463,302840,0,7
,,,,,
32977,10533,0.010533,131908,0,7
,,,,,
47381,15968,0.015968,189524,0,7
,,,,,
21422,6256,0.006256,85688,0,7
,,,,,
49892,17711,0.017711,199568,0,7
,,,,,
97513,38320,0.03832,390052,0,7
,,,,,
22947,6901,0.006901,91788,0,7
,,,,,
48579,15973,0.015973,194316,0,7
,,,,,
86884,29232,0.029232,347536,0,7
,,,,,
46818,15298,0.015298,187272,0,7
,,,,,
60286,19881,0.019881,241144,0,7
,,,,,
66100,22881,0.022881,264400,0,7
,,,,,
38739,13447,0.013447,154956,0,7
,,,,,
60553,21048,0.021048,242212,0,7
,,,,,
15841,4259,0.004259,63364,0,7
,,,,,
92343,32681,0.032681,369372,0,7
,,,,,
11839,2795,0.002795,47356,0,7
,,,,,
98159,34406,0.034406,392636,0,7
,,,,,
38009,12528,0.012528,152036,0,7
,,,,,
89070,29733,0.029733,356280,0,7
,,,,,
44528,14600,0.0146,178112,0,7
,,,,,
28522,8450,0.00845,114088,0,7
,,,,,
86166,28894,0.028894,344664,0,7
,,,,,
20998,5985,0.005985,83992,0,7
,,,,,
57043,18799,0.018799,228172,0,7
,,,,,
15538,3797,0.003797,62152,0,7
,,,,,
17448,3581,0.003581,69792,25,5
,,,,,
76919,15731,0.015731,307676,25,5
,,,,,
84788,17929,0.017929,339152,25,5
,,,,,
40839,8424,0.008424,163356,25,5
,,,,,
49094,9673,0.009673,196376,25,5
,,,,,
93098,19970,0.01997,372392,25,5
,,,,,
82738,18157,0.018157,330952,25,5
,,,,,
35849,7100,0.0071,143396,25,5
,,,,,
74775,16361,0.016361,299100,25,5
,,,,,
41767,8724,0.008724,167068,25,5
,,,,,
28670,5565,0.005565,114680,25,5
,,,,,
68955,14908,0.014908,275820,25,5
,,,,,
29140,5576,0.005576,116560,25,5
,,,,,
92129,19833,0.019833,368516,25,5
,,,,,
66343,13277,0.013277,265372,25,5
,,,,,
97770,21284,0.021284,391080,25,5
,,,,,
75189,15642,0.015642,300756,25,5
,,,,,
65637,13311,0.013311,262548,25,5
,,,,,
53198,10820,0.01082,212792,25,5
,,,,,
24488,4898,0.004898,97952,25,5
,,,,,
12874,2229,0.002229,51496,25,5
,,,,,
62805,12642,0.012642,251220,25,5
,,,,,
79907,17886,0.017886,319628,25,5
,,,,,
72458,15716,0.015716,289832,25,5
,,,,,
41950,8694,0.008694,167800,25,5
,,,,,
87660,18468,0.018468,350640,25,5
,,,,,
24020,4624,0.004624,96080,25,5
,,,,,
58804,11900,0.0119,235216,25,5
,,,,,
37169,8125,0.008125,148676,25,5
,,,,,
88386,18319,0.018319,353544,25,5
,,,,,
80769,17283,0.017283,323076,25,5
,,,,,
97833,21115,0.021115,391332,25,5
,,,,,
93258,19576,0.019576,373032,25,5
,,,,,
22664,4277,0.004277,90656,25,5
,,,,,
48946,9683,0.009683,195784,25,5
,,,,,
50807,10297,0.010297,203228,25,5
,,,,,
35570,7103,0.007103,142280,25,5
,,,,,
92962,19466,0.019466,371848,25,5
,,,,,
31093,5935,0.005935,124372,25,5
,,,,,
88121,19383,0.019383,352484,25,5
,,,,,
88714,18695,0.018695,354856,25,5
,,,,,
95018,20467,0.020467,380072,25,5
,,,,,
90636,20026,0.020026,362544,25,5
,,,,,
44705,9137,0.009137,178820,25,5
,,,,,
30778,5926,0.005926,123112,25,5
,,,,,
40058,7956,0.007956,160232,25,5
,,,,,
81405,18014,0.018014,325620,25,5
,,,,,
70560,14956,0.014956,282240,25,5
,,,,,
46509,9447,0.009447,186036,25,5
,,,,,
98049,22777,0.022777,392196,25,5
,,,,,
16028,5131,0.005131,64112,25,5
,,,,,
58217,19509,0.019509,232868,25,5
,,,,,
61947,13503,0.013503,247788,25,5
,,,,,
97180,20613,0.020613,388720,25,5
,,,,,
74205,15293,0.015293,296820,25,5
,,,,,
69950,16014,0.016014,279800,25,5
,,,,,
20255,3731,0.003731,81020,25,5
,,,,,
28870,5540,0.00554,115480,25,5
,,,,,
98657,21008,0.021008,394628,25,5
,,,,,
23564,4451,0.004451,94256,25,5
,,,,,
55019,11249,0.011249,220076,25,5
,,,,,
29829,5659,0.005659,119316,25,5
,,,,,
90004,19892,0.019892,360016,25,5
,,,,,
19609,3738,0.003738,78436,25,5
,,,,,
98458,22202,0.022202,393832,25,5
,,,,,
23615,4515,0.004515,94460,25,5
,,,,,
80813,17298,0.017298,323252,25,5
,,,,,
73889,16755,0.016755,295556,25,5
,,,,,
67174,13873,0.013873,268696,25,5
,,,,,
79714,16598,0.016598,318856,25,5
,,,,,
77023,16159,0.016159,308092,25,5
,,,,,
20881,3950,0.00395,83524,25,5
,,,,,
66655,14013,0.014013,266620,25,5
,,,,,
88892,18502,0.018502,355568,25,5
,,,,,
34006,6590,0.00659,136024,25,5
,,,,,
43338,9277,0.009277,173352,25,5
,,,,,
13105,2498,0.002498,52420,25,5
,,,,,
34825,7110,0.00711,139300,25,5
,,,,,
56284,11213,0.011213,225136,25,5
,,,,,
37386,7891,0.007891,149544,25,5
,,,,,
54012,13130,0.01313,216048,25,5
,,,,,
93154,20346,0.020346,372616,25,5
,,,,,
54632,10988,0.010988,218528,25,5
,,,,,
70057,14796,0.014796,280228,25,5
,,,,,
32819,6746,0.006746,131276,25,5
,,,,,
62463,12867,0.012867,249852,25,5
,,,,,
12242,2381,0.002381,48968,25,5
,,,,,
70904,14846,0.014846,283616,25,5
,,,,,
10556,1928,0.001928,42224,25,5
,,,,,
13022,2618,0.002618,52088,25,5
,,,,,
28129,5772,0.005772,112516,25,5
,,,,,
37530,8155,0.008155,150120,25,5
,,,,,
80097,17947,0.017947,320388,25,5
,,,,,
92453,20800,0.0208,369812,25,5
,,,,,
36934,7618,0.007618,147736,25,5
,,,,,
86485,18104,0.018104,345940,25,5
,,,,,
14486,2620,0.00262,57944,25,5
,,,,,
57975,12102,0.012102,231900,25,5
,,,,,
83302,17471,0.017471,333208,25,5
,,,,,
90161,18936,0.018936,360644,25,5
,,,,,
73765,13735,0.013735,295060,25,6
,,,,,
37457,7512,0.007512,149828,25,6
,,,,,
76481,14306,0.014306,305924,25,6
,,,,,
67001,13483,0.013483,268004,25,6
,,,,,
95441,18372,0.018372,381764,25,6
,,,,,
31378,5585,0.005585,125512,25,6
,,,,,
97473,19566,0.019566,389892,25,6
,,,,,
30402,5184,0.005184,121608,25,6
,,,,,
99645,20130,0.02013,398580,25,6
,,,,,
61795,11455,0.011455,247180,25,6
,,,,,
78207,15647,0.015647,312828,25,6
,,,,,
65506,12160,0.01216,262024,25,6
,,,,,
96470,17700,0.0177,385880,25,6
,,,,,
12819,2069,0.002069,51276,25,6
,,,,,
71652,14419,0.014419,286608,25,6
,,,,,
55892,10133,0.010133,223568,25,6
,,,,,
33763,6626,0.006626,135052,25,6
,,,,,
64715,13271,0.013271,258860,25,6
,,,,,
40213,7054,0.007054,160852,25,6
,,,,,
34252,6400,0.0064,137008,25,6
,,,,,
65503,12421,0.012421,262012,25,6
,,,,,
63122,12787,0.012787,252488,25,6
,,,,,
94505,18068,0.018068,378020,25,6
,,,,,
83280,15855,0.015855,333120,25,6
,,,,,
43036,8040,0.00804,172144,25,6
,,,,,
32782,5776,0.005776,131128,25,6
,,,,,
50554,9528,0.009528,202216,25,6
,,,,,
96785,19149,0.019149,387140,25,6
,,,,,
90499,17386,0.017386,361996,25,6
,,,,,
11294,1945,0.001945,45176,25,6
,,,,,
82170,15691,0.015691,328680,25,6
,,,,,
67350,12721,0.012721,269400,25,6
,,,,,
36158,6579,0.006579,144632,25,6
,,,,,
51409,10475,0.010475,205636,25,6
,,,,,
34533,6319,0.006319,138132,25,6
,,,,,
51889,9925,0.009925,207556,25,6
,,,,,
55395,10562,0.010562,221580,25,6
,,,,,
52371,10123,0.010123,209484,25,6
,,,,,
98570,22227,0.022227,394280,25,6
,,,,,
80528,15857,0.015857,322112,25,6
,,,,,
45345,8385,0.008385,181380,25,6
,,,,,
30373,5429,0.005429,121492,25,6
,,,,,
43013,8281,0.008281,172052,25,6
,,,,,
88325,16778,0.016778,353300,25,6
,,,,,
21015,3559,0.003559,84060,25,6
,,,,,
48565,9021,0.009021,194260,25,6
,,,,,
46220,8368,0.008368,184880,25,6
,,,,,
76642,14920,0.01492,306568,25,6
,,,,,
32030,5626,0.005626,128120,25,6
,,,,,
52102,9751,0.009751,208408,25,6
,,,,,
95072,18600,0.0186,380288,25,6
,,,,,
28904,5478,0.005478,115616,25,6
,,,,,
48316,10033,0.010033,193264,25,6
,,,,,
10453,1645,0.001645,41812,25,6
,,,,,
57216,10430,0.01043,228864,25,6
,,,,,
47651,9117,0.009117,190604,25,6
,,,,,
30796,5822,0.005822,123184,25,6
,,,,,
80932,17107,0.017107,323728,25,6
,,,,,
92399,18148,0.018148,369596,25,6
,,,,,
47802,9342,0.009342,191208,25,6
,,,,,
57962,10921,0.010921,231848,25,6
,,,,,
11216,1839,0.001839,44864,25,6
,,,,,
72578,16165,0.016165,290312,25,6
,,,,,
60144,11375,0.011375,240576,25,6
,,,,,
38219,7197,0.007197,152876,25,6
,,,,,
44700,8274,0.008274,178800,25,6
,,,,,
78773,15476,0.015476,315092,25,6
,,,,,
30775,5899,0.005899,123100,25,6
,,,,,
83775,16528,0.016528,335100,25,6
,,,,,
95535,19018,0.019018,382140,25,6
,,,,,
96608,21228,0.021228,386432,25,6
,,,,,
61374,11443,0.011443,245496,25,6
,,,,,
99509,19848,0.019848,398036,25,6
,,,,,
92705,17881,0.017881,370820,25,6
,,,,,
27272,4918,0.004918,109088,25,6
,,,,,
30862,5570,0.00557,123448,25,6
,,,,,
26315,4987,0.004987,105260,25,6
,,,,,
40142,7675,0.007675,160568,25,6
,,,,,
87862,17188,0.017188,351448,25,6
,,,,,
93185,17823,0.017823,372740,25,6
,,,,,
81169,15985,0.015985,324676,25,6
,,,,,
15554,2543,0.002543,62216,25,6
,,,,,
52032,9483,0.009483,208128,25,6
,,,,,
26893,4927,0.004927,107572,25,6
,,,,,
22256,3843,0.003843,89024,25,6
,,,,,
19785,3325,0.003325,79140,25,6
,,,,,
45980,9456,0.009456,183920,25,6
,,,,,
48131,8971,0.008971,192524,25,6
,,,,,
64617,12153,0.012153,258468,25,6
,,,,,
88854,18107,0.018107,355416,25,6
,,,,,
51823,10242,0.010242,207292,25,6
,,,,,
78545,15443,0.015443,314180,25,6
,,,,,
44751,8719,0.008719,179004,25,6
,,,,,
93277,18419,0.018419,373108,25,6
,,,,,
17441,2908,0.002908,69764,25,6
,,,,,
68318,14419,0.014419,273272,25,6
,,,,,
53053,10758,0.010758,212212,25,6
,,,,,
55200,10848,0.010848,220800,25,6
,,,,,
30048,5727,0.005727,120192,25,6
,,,,,
67024,13200,0.0132,268096,25,6
,,,,,
20651,5962,0.005962,82604,25,7
,,,,,
73901,25048,0.025048,295604,25,7
,,,,,
51171,17307,0.017307,204684,25,7
,,,,,
23830,6735,0.006735,95320,25,7
,,,,,
69943,23655,0.023655,279772,25,7
,,,,,
57800,18943,0.018943,231200,25,7
,,,,,
58132,19015,0.019015,232528,25,7
,,,,,
83982,30257,0.030257,335928,25,7
,,,,,
78586,25840,0.02584,314344,25,7
,,,,,
72978,23656,0.023656,291912,25,7
,,,,,
54725,17592,0.017592,218900,25,7
,,,,,
61309,20397,0.020397,245236,25,7
,,,,,
23247,6905,0.006905,92988,25,7
,,,,,
75958,25090,0.02509,303832,25,7
,,,,,
22950,6351,0.006351,91800,25,7
,,,,,
67716,22211,0.022211,270864,25,7
,,,,,
48753,15674,0.015674,195012,25,7
,,,,,
98558,33832,0.033832,394232,25,7
,,,,,
47686,15375,0.015375,190744,25,7
,,,,,
33989,10738,0.010738,135956,25,7
,,,,,
43541,14065,0.014065,174164,25,7
,,,,,
63393,20811,0.020811,253572,25,7
,,,,,
27673,7957,0.007957,110692,25,7
,,,,,
56679,18345,0.018345,226716,25,7
,,,,,
76297,26076,0.026076,305188,25,7
,,,,,
12668,2915,0.002915,50672,25,7
,,,,,
63371,21321,0.021321,253484,25,7
,,,,,
90597,31101,0.031101,362388,25,7
,,,,,
85852,28136,0.028136,343408,25,7
,,,,,
60065,20350,0.02035,240260,25,7
,,,,,
38723,13275,0.013275,154892,25,7
,,,,,
32803,11364,0.011364,131212,25,7
,,,,,
43911,15470,0.01547,175644,25,7
,,,,,
51198,17842,0.017842,204792,25,7
,,,,,
71339,23394,0.023394,285356,25,7
,,,,,
37424,12090,0.01209,149696,25,7
,,,,,
90656,31183,0.031183,362624,25,7
,,,,,
84479,30017,0.030017,337916,25,7
,,,,,
68355,23247,0.023247,273420,25,7
,,,,,
87286,29221,0.029221,349144,25,7
,,,,,
41506,13402,0.013402,166024,25,7
,,,,,
70536,23366,0.023366,282144,25,7
,,,,,
55297,17944,0.017944,221188,25,7
,,,,,
72619,24027,0.024027,290476,25,7
,,,,,
42421,13634,0.013634,169684,25,7
,,,,,
43536,14086,0.014086,174144,25,7
,,,,,
79463,28738,0.028738,317852,25,7
,,,,,
43461,14581,0.014581,173844,25,7
,,,,,
85796,28362,0.028362,343184,25,7
,,,,,
45955,14904,0.014904,183820,25,7
,,,,,
83015,26912,0.026912,332060,25,7
,,,,,
30235,9167,0.009167,120940,25,7
,,,,,
65687,22150,0.02215,262748,25,7
,,,,,
63594,21259,0.021259,254376,25,7
,,,,,
18140,5109,0.005109,72560,25,7
,,,,,
45883,14841,0.014841,183532,25,7
,,,,,
13220,3026,0.003026,52880,25,7
,,,,,
28890,8552,0.008552,115560,25,7
,,,,,
15329,3797,0.003797,61316,25,7
,,,,,
30024,9100,0.0091,120096,25,7
,,,,,
21927,6165,0.006165,87708,25,7
,,,,,
17674,4691,0.004691,70696,25,7
,,,,,
86916,29074,0.029074,347664,25,7
,,,,,
78865,25857,0.025857,315460,25,7
,,,,,
68939,22693,0.022693,275756,25,7
,,,,,
23471,6720,0.00672,93884,25,7
,,,,,
52190,17449,0.017449,208760,25,7
,,,,,
42710,13963,0.013963,170840,25,7
,,,,,
93634,31195,0.031195,374536,25,7
,,,,,
19721,5647,0.005647,78884,25,7
,,,,,
59448,20206,0.020206,237792,25,7
,,,,,
32008,10430,0.01043,128032,25,7
,,,,,
21414,6606,0.006606,85656,25,7
,,,,,
83143,27401,0.027401,332572,25,7
,,,,,
31428,9865,0.009865,125712,25,7
,,,,,
21992,6191,0.006191,87968,25,7
,,,,,
38820,12549,0.012549,155280,25,7
,,,,,
23424,6421,0.006421,93696,25,7
,,,,,
93842,30801,0.030801,375368,25,7
,,,,,
13181,3029,0.003029,52724,25,7
,,,,,
64884,21177,0.021177,259536,25,7
,,,,,
55726,18107,0.018107,222904,25,7
,,,,,
42507,13816,0.013816,170028,25,7
,,,,,
52623,17706,0.017706,210492,25,7
,,,,,
97265,31822,0.031822,389060,25,7
,,,,,
19667,5442,0.005442,78668,25,7
,,,,,
12885,2914,0.002914,51540,25,7
,,,,,
21770,6048,0.006048,87080,25,7
,,,,,
67769,22308,0.022308,271076,25,7
,,,,,
25561,7134,0.007134,102244,25,7
,,,,,
81679,27730,0.02773,326716,25,7
,,,,,
54080,17888,0.017888,216320,25,7
,,,,,
82694,26678,0.026678,330776,25,7
,,,,,
25362,6890,0.00689,101448,25,7
,,,,,
68353,22874,0.022874,273412,25,7
,,,,,
64707,21099,0.021099,258828,25,7
,,,,,
16241,4096,0.004096,64964,25,7
,,,,,
28522,8283,0.008283,114088,25,7
,,,,,
40895,13237,0.013237,163580,25,7
,,,,,
12138,2733,0.002733,48552,25,7
,,,,,
65538,13661,0.013661,262152,50,5
,,,,,
38904,7733,0.007733,155616,50,5
,,,,,
74190,15481,0.015481,296760,50,5
,,,,,
40885,8498,0.008498,163540,50,5
,,,,,
69884,15465,0.015465,279536,50,5
,,,,,
52097,10403,0.010403,208388,50,5
,,,,,
48155,9557,0.009557,192620,50,5
,,,,,
10937,1956,0.001956,43748,50,5
,,,,,
81286,17015,0.017015,325144,50,5
,,,,,
67088,13666,0.013666,268352,50,5
,,,,,
77184,16255,0.016255,308736,50,5
,,,,,
93277,20043,0.020043,373108,50,5
,,,,,
95133,20138,0.020138,380532,50,5
,,,,,
85084,18909,0.018909,340336,50,5
,,,,,
20336,4012,0.004012,81344,50,5
,,,,,
69337,14522,0.014522,277348,50,5
,,,,,
20546,4035,0.004035,82184,50,5
,,,,,
97274,20695,0.020695,389096,50,5
,,,,,
86535,18169,0.018169,346140,50,5
,,,,,
67754,13757,0.013757,271016,50,5
,,,,,
16131,2945,0.002945,64524,50,5
,,,,,
57264,11613,0.011613,229056,50,5
,,,,,
75411,15369,0.015369,301644,50,5
,,,,,
72107,15401,0.015401,288428,50,5
,,,,,
90075,19222,0.019222,360300,50,5
,,,,,
23073,4431,0.004431,92292,50,5
,,,,,
84976,17688,0.017688,339904,50,5
,,,,,
12881,2254,0.002254,51524,50,5
,,,,,
14595,2619,0.002619,58380,50,5
,,,,,
79180,16832,0.016832,316720,50,5
,,,,,
90777,19338,0.019338,363108,50,5
,,,,,
35189,6867,0.006867,140756,50,5
,,,,,
63840,13215,0.013215,255360,50,5
,,,,,
15672,2889,0.002889,62688,50,5
,,,,,
83704,17414,0.017414,334816,50,5
,,,,,
33666,6470,0.00647,134664,50,5
,,,,,
86897,18402,0.018402,347588,50,5
,,,,,
82002,17327,0.017327,328008,50,5
,,,,,
48060,9756,0.009756,192240,50,5
,,,,,
49646,10254,0.010254,198584,50,5
,,,,,
39977,8099,0.008099,159908,50,5
,,,,,
60182,12317,0.012317,240728,50,5
,,,,,
25077,4757,0.004757,100308,50,5
,,,,,
50403,10118,0.010118,201612,50,5
,,,,,
26400,5164,0.005164,105600,50,5
,,,,,
32366,6235,0.006235,129464,50,5
,,,,,
98136,20613,0.020613,392544,50,5
,,,,,
16835,3034,0.003034,67340,50,5
,,,,,
56939,11612,0.011612,227756,50,5
,,,,,
85156,17944,0.017944,340624,50,5
,,,,,
46971,9243,0.009243,187884,50,5
,,,,,
52566,11096,0.011096,210264,50,5
,,,,,
31878,6049,0.006049,127512,50,5
,,,,,
32425,6325,0.006325,129700,50,5
,,,,,
91177,19175,0.019175,364708,50,5
,,,,,
72325,15277,0.015277,289300,50,5
,,,,,
97380,21402,0.021402,389520,50,5
,,,,,
55132,11291,0.011291,220528,50,5
,,,,,
59188,12326,0.012326,236752,50,5
,,,,,
95871,20166,0.020166,383484,50,5
,,,,,
30474,5796,0.005796,121896,50,5
,,,,,
75590,16122,0.016122,302360,50,5
,,,,,
32507,6384,0.006384,130028,50,5
,,,,,
43955,8666,0.008666,175820,50,5
,,,,,
68329,14177,0.014177,273316,50,5
,,,,,
74941,15526,0.015526,299764,50,5
,,,,,
70917,14708,0.014708,283668,50,5
,,,,,
22717,4165,0.004165,90868,50,5
,,,,,
40778,8030,0.00803,163112,50,5
,,,,,
91460,19130,0.01913,365840,50,5
,,,,,
50056,10075,0.010075,200224,50,5
,,,,,
50988,10313,0.010313,203952,50,5
,,,,,
48399,9545,0.009545,193596,50,5
,,,,,
48472,9756,0.009756,193888,50,5
,,,,,
43175,8589,0.008589,172700,50,5
,,,,,
97289,20917,0.020917,389156,50,5
,,,,,
66381,13898,0.013898,265524,50,5
,,,,,
98116,21393,0.021393,392464,50,5
,,,,,
56749,11431,0.011431,226996,50,5
,,,,,
97519,20588,0.020588,390076,50,5
,,,,,
63708,12905,0.012905,254832,50,5
,,,,,
25152,4895,0.004895,100608,50,5
,,,,,
71447,15007,0.015007,285788,50,5
,,,,,
67090,13702,0.013702,268360,50,5
,,,,,
10044,1760,0.00176,40176,50,5
,,,,,
77385,16205,0.016205,309540,50,5
,,,,,
70965,15439,0.015439,283860,50,5
,,,,,
35967,6890,0.00689,143868,50,5
,,,,,
23887,4492,0.004492,95548,50,5
,,,,,
49223,9804,0.009804,196892,50,5
,,,,,
56996,11747,0.011747,227984,50,5
,,,,,
39096,7678,0.007678,156384,50,5
,,,,,
31542,6019,0.006019,126168,50,5
,,,,,
51861,10408,0.010408,207444,50,5
,,,,,
58862,11854,0.011854,235448,50,5
,,,,,
19801,3705,0.003705,79204,50,5
,,,,,
29789,5821,0.005821,119156,50,5
,,,,,
24922,4778,0.004778,99688,50,5
,,,,,
57801,11827,0.011827,231204,50,5
,,,,,
73735,15310,0.01531,294940,50,5
,,,,,
12319,2095,0.002095,49276,50,6
,,,,,
75703,14892,0.014892,302812,50,6
,,,,,
47512,10047,0.010047,190048,50,6
,,,,,
71955,15951,0.015951,287820,50,6
,,,,,
75151,14907,0.014907,300604,50,6
,,,,,
12594,2020,0.00202,50376,50,6
,,,,,
78704,15064,0.015064,314816,50,6
,,,,,
33083,5594,0.005594,132332,50,6
,,,,,
55618,10719,0.010719,222472,50,6
,,,,,
50289,9743,0.009743,201156,50,6
,,,,,
68640,13297,0.013297,274560,50,6
,,,,,
46361,8547,0.008547,185444,50,6
,,,,,
57190,10210,0.01021,228760,50,6
,,,,,
73287,15009,0.015009,293148,50,6
,,,,,
97448,18413,0.018413,389792,50,6
,,,,,
23787,4246,0.004246,95148,50,6
,,,,,
58702,11462,0.011462,234808,50,6
,,,,,
46059,8648,0.008648,184236,50,6
,,,,,
29988,5072,0.005072,119952,50,6
,,,,,
89109,17494,0.017494,356436,50,6
,,,,,
15051,2481,0.002481,60204,50,6
,,,,,
91117,18467,0.018467,364468,50,6
,,,,,
96087,18522,0.018522,384348,50,6
,,,,,
48538,9106,0.009106,194152,50,6
,,,,,
96292,18171,0.018171,385168,50,6
,,,,,
52082,9897,0.009897,208328,50,6
,,,,,
65023,12262,0.012262,260092,50,6
,,,,,
58556,11519,0.011519,234224,50,6
,,,,,
26227,4533,0.004533,104908,50,6
,,,,,
26010,4558,0.004558,104040,50,6
,,,,,
92617,18392,0.018392,370468,50,6
,,,,,
57373,11021,0.011021,229492,50,6
,,,,,
61899,11547,0.011547,247596,50,6
,,,,,
39141,7339,0.007339,156564,50,6
,,,,,
12447,2161,0.002161,49788,50,6
,,,,,
12937,2076,0.002076,51748,50,6
,,,,,
55761,10262,0.010262,223044,50,6
,,,,,
57986,10941,0.010941,231944,50,6
,,,,,
26698,4525,0.004525,106792,50,6
,,,,,
56837,10711,0.010711,227348,50,6
,,,,,
96433,19260,0.01926,385732,50,6
,,,,,
63822,12889,0.012889,255288,50,6
,,,,,
62046,11308,0.011308,248184,50,6
,,,,,
94652,19496,0.019496,378608,50,6
,,,,,
64733,12277,0.012277,258932,50,6
,,,,,
46659,8324,0.008324,186636,50,6
,,,,,
87235,16451,0.016451,348940,50,6
,,,,,
74643,14741,0.014741,298572,50,6
,,,,,
11103,1777,0.001777,44412,50,6
,,,,,
13321,2240,0.00224,53284,50,6
,,,,,
38353,7622,0.007622,153412,50,6
,,,,,
86719,17276,0.017276,346876,50,6
,,,,,
67606,13619,0.013619,270424,50,6
,,,,,
55144,10167,0.010167,220576,50,6
,,,,,
72741,13973,0.013973,290964,50,6
,,,,,
36706,6937,0.006937,146824,50,6
,,,,,
35013,6331,0.006331,140052,50,6
,,,,,
42043,7750,0.00775,168172,50,6
,,,,,
57456,10779,0.010779,229824,50,6
,,,,,
93498,18018,0.018018,373992,50,6
,,,,,
23029,3866,0.003866,92116,50,6
,,,,,
24017,4166,0.004166,96068,50,6
,,,,,
41570,7486,0.007486,166280,50,6
,,,,,
75638,14888,0.014888,302552,50,6
,,,,,
29595,5155,0.005155,118380,50,6
,,,,,
82357,16226,0.016226,329428,50,6
,,,,,
27844,4748,0.004748,111376,50,6
,,,,,
11136,1786,0.001786,44544,50,6
,,,,,
32227,5951,0.005951,128908,50,6
,,,,,
81444,15927,0.015927,325776,50,6
,,,,,
68105,13313,0.013313,272420,50,6
,,,,,
40620,7301,0.007301,162480,50,6
,,,,,
23718,5307,0.005307,94872,50,6
,,,,,
56711,11428,0.011428,226844,50,6
,,,,,
82359,16712,0.016712,329436,50,6
,,,,,
31153,5620,0.00562,124612,50,6
,,,,,
49404,9077,0.009077,197616,50,6
,,,,,
29901,5282,0.005282,119604,50,6
,,,,,
83988,15927,0.015927,335952,50,6
,,,,,
64332,12421,0.012421,257328,50,6
,,,,,
74232,14866,0.014866,296928,50,6
,,,,,
58825,12441,0.012441,235300,50,6
,,,,,
72201,15671,0.015671,288804,50,6
,,,,,
73673,15010,0.01501,294692,50,6
,,,,,
59610,11788,0.011788,238440,50,6
,,,,,
92286,19381,0.019381,369144,50,6
,,,,,
36934,7227,0.007227,147736,50,6
,,,,,
91014,18553,0.018553,364056,50,6
,,,,,
25676,4620,0.00462,102704,50,6
,,,,,
58246,11600,0.0116,232984,50,6
,,,,,
98103,18933,0.018933,392412,50,6
,,,,,
48745,9124,0.009124,194980,50,6
,,,,,
47577,8607,0.008607,190308,50,6
,,,,,
88284,18253,0.018253,353136,50,6
,,,,,
46419,8876,0.008876,185676,50,6
,,,,,
57657,11074,0.011074,230628,50,6
,,,,,
96586,19354,0.019354,386344,50,6
,,,,,
54751,10915,0.010915,219004,50,6
,,,,,
46134,8188,0.008188,184536,50,6
,,,,,
97028,18626,0.018626,388112,50,6
,,,,,
26483,7789,0.007789,105932,50,7
,,,,,
54098,18781,0.018781,216392,50,7
,,,,,
24053,6763,0.006763,96212,50,7
,,,,,
22501,6409,0.006409,90004,50,7
,,,,,
49449,17545,0.017545,197796,50,7
,,,,,
16494,4306,0.004306,65976,50,7
,,,,,
52698,18065,0.018065,210792,50,7
,,,,,
15528,3904,0.003904,62112,50,7
,,,,,
39180,13407,0.013407,156720,50,7
,,,,,
23979,7035,0.007035,95916,50,7
,,,,,
46528,15564,0.015564,186112,50,7
,,,,,
54541,18363,0.018363,218164,50,7
,,,,,
52243,18306,0.018306,208972,50,7
,,,,,
10874,4120,0.00412,43496,50,7
,,,,,
25957,10290,0.01029,103828,50,7
,,,,,
40290,13098,0.013098,161160,50,7
,,,,,
26779,7508,0.007508,107116,50,7
,,,,,
44494,14445,0.014445,177976,50,7
,,,,,
24115,6803,0.006803,96460,50,7
,,,,,
40858,14425,0.014425,163432,50,7
,,,,,
78938,29324,0.029324,315752,50,7
,,,,,
55037,19099,0.019099,220148,50,7
,,,,,
66846,24053,0.024053,267384,50,7
,,,,,
85275,30596,0.030596,341100,50,7
,,,,,
85344,29619,0.029619,341376,50,7
,,,,,
54602,19010,0.01901,218408,50,7
,,,,,
91044,33936,0.033936,364176,50,7
,,,,,
66407,23187,0.023187,265628,50,7
,,,,,
15710,3969,0.003969,62840,50,7
,,,,,
97524,35500,0.0355,390096,50,7
,,,,,
16608,4233,0.004233,66432,50,7
,,,,,
64362,21184,0.021184,257448,50,7
,,,,,
46116,15016,0.015016,184464,50,7
,,,,,
31313,9751,0.009751,125252,50,7
,,,,,
86725,30002,0.030002,346900,50,7
,,,,,
39964,13362,0.013362,159856,50,7
,,,,,
24174,6837,0.006837,96696,50,7
,,,,,
14191,3507,0.003507,56764,50,7
,,,,,
24698,7079,0.007079,98792,50,7
,,,,,
75428,24687,0.024687,301712,50,7
,,,,,
43707,14413,0.014413,174828,50,7
,,,,,
63676,22229,0.022229,254704,50,7
,,,,,
49556,16615,0.016615,198224,50,7
,,,,,
27688,8133,0.008133,110752,50,7
,,,,,
90891,34991,0.034991,363564,50,7
,,,,,
86919,31385,0.031385,347676,50,7
,,,,,
67399,27058,0.027058,269596,50,7
,,,,,
84655,31414,0.031414,338620,50,7
,,,,,
19794,6257,0.006257,79176,50,7
,,,,,
45853,16941,0.016941,183412,50,7
,,,,,
80528,28869,0.028869,322112,50,7
,,,,,
58957,20142,0.020142,235828,50,7
,,,,,
88395,34048,0.034048,353580,50,7
,,,,,
97981,32710,0.03271,391924,50,7
,,,,,
11730,2854,0.002854,46920,50,7
,,,,,
73675,25429,0.025429,294700,50,7
,,,,,
63308,22921,0.022921,253232,50,7
,,,,,
24348,7031,0.007031,97392,50,7
,,,,,
50013,17341,0.017341,200052,50,7
,,,,,
84074,31047,0.031047,336296,50,7
,,,,,
40726,14028,0.014028,162904,50,7
,,,,,
11162,2754,0.002754,44648,50,7
,,,,,
23607,6803,0.006803,94428,50,7
,,,,,
99842,33925,0.033925,399368,50,7
,,,,,
83474,28001,0.028001,333896,50,7
,,,,,
50887,16600,0.0166,203548,50,7
,,,,,
49926,16190,0.01619,199704,50,7
,,,,,
28646,8562,0.008562,114584,50,7
,,,,,
59925,21034,0.021034,239700,50,7
,,,,,
16594,4320,0.00432,66376,50,7
,,,,,
11080,2678,0.002678,44320,50,7
,,,,,
91536,30656,0.030656,366144,50,7
,,,,,
45394,14993,0.014993,181576,50,7
,,,,,
31712,10083,0.010083,126848,50,7
,,,,,
51139,17574,0.017574,204556,50,7
,,,,,
66344,22792,0.022792,265376,50,7
,,,,,
33623,10792,0.010792,134492,50,7
,,,,,
18102,4880,0.00488,72408,50,7
,,,,,
70505,24522,0.024522,282020,50,7
,,,,,
26812,7719,0.007719,107248,50,7
,,,,,
69186,23697,0.023697,276744,50,7
,,,,,
54208,17729,0.017729,216832,50,7
,,,,,
80543,26377,0.026377,322172,50,7
,,,,,
44914,15374,0.015374,179656,50,7
,,,,,
81782,29260,0.02926,327128,50,7
,,,,,
81744,29248,0.029248,326976,50,7
,,,,,
91034,32141,0.032141,364136,50,7
,,,,,
70175,25269,0.025269,280700,50,7
,,,,,
18738,5223,0.005223,74952,50,7
,,,,,
52679,17851,0.017851,210716,50,7
,,,,,
74401,28794,0.028794,297604,50,7
,,,,,
24845,7392,0.007392,99380,50,7
,,,,,
24201,6904,0.006904,96804,50,7
,,,,,
79977,29213,0.029213,319908,50,7
,,,,,
58031,19666,0.019666,232124,50,7
,,,,,
74105,34126,0.034126,296420,50,7
,,,,,
35785,14619,0.014619,143140,50,7
,,,,,
35941,14350,0.01435,143764,50,7
,,,,,
44247,17688,0.017688,176988,50,7
,,,,,
78356,31592,0.031592,313424,50,7
,,,,,
74849,19341,0.019341,299396,75,5
,,,,,
64722,16619,0.016619,258888,75,5
,,,,,
39276,10043,0.010043,157104,75,5
,,,,,
11143,2390,0.00239,44572,75,5
,,,,,
98136,25357,0.025357,392544,75,5
,,,,,
39443,9713,0.009713,157772,75,5
,,,,,
38911,9510,0.00951,155644,75,5
,,,,,
43928,10741,0.010741,175712,75,5
,,,,,
24897,5181,0.005181,99588,75,5
,,,,,
48010,10551,0.010551,192040,75,5
,,,,,
76206,16754,0.016754,304824,75,5
,,,,,
27452,7235,0.007235,109808,75,5
,,,,,
55344,11362,0.011362,221376,75,5
,,,,,
21544,4068,0.004068,86176,75,5
,,,,,
58787,12590,0.01259,235148,75,5
,,,,,
91222,20666,0.020666,364888,75,5
,,,,,
16848,3246,0.003246,67392,75,5
,,,,,
86787,19063,0.019063,347148,75,5
,,,,,
79168,16895,0.016895,316672,75,5
,,,,,
13000,2552,0.002552,52000,75,5
,,,,,
74954,16427,0.016427,299816,75,5
,,,,,
57257,11634,0.011634,229028,75,5
,,,,,
58153,11924,0.011924,232612,75,5
,,,,,
93075,21355,0.021355,372300,75,5
,,,,,
45508,9474,0.009474,182032,75,5
,,,,,
26679,5083,0.005083,106716,75,5
,,,,,
16791,3199,0.003199,67164,75,5
,,,,,
10911,1896,0.001896,43644,75,5
,,,,,
45399,9287,0.009287,181596,75,5
,,,,,
10225,1848,0.001848,40900,75,5
,,,,,
16164,2943,0.002943,64656,75,5
,,,,,
37344,7709,0.007709,149376,75,5
,,,,,
54929,11694,0.011694,219716,75,5
,,,,,
29050,5823,0.005823,116200,75,5
,,,,,
83643,19284,0.019284,334572,75,5
,,,,,
50028,10822,0.010822,200112,75,5
,,,,,
35604,7432,0.007432,142416,75,5
,,,,,
16865,3321,0.003321,67460,75,5
,,,,,
71322,16066,0.016066,285288,75,5
,,,,,
92070,21765,0.021765,368280,75,5
,,,,,
33028,6763,0.006763,132112,75,5
,,,,,
86584,18170,0.01817,346336,75,5
,,,,,
49117,11109,0.011109,196468,75,5
,,,,,
88417,19115,0.019115,353668,75,5
,,,,,
53506,11563,0.011563,214024,75,5
,,,,,
73759,16442,0.016442,295036,75,5
,,,,,
72710,15651,0.015651,290840,75,5
,,,,,
71831,15697,0.015697,287324,75,5
,,,,,
62510,13997,0.013997,250040,75,5
,,,,,
99033,23683,0.023683,396132,75,5
,,,,,
75231,16594,0.016594,300924,75,5
,,,,,
75376,16835,0.016835,301504,75,5
,,,,,
25401,5447,0.005447,101604,75,5
,,,,,
24127,5154,0.005154,96508,75,5
,,,,,
62689,13994,0.013994,250756,75,5
,,,,,
66722,15251,0.015251,266888,75,5
,,,,,
49160,10069,0.010069,196640,75,5
,,,,,
35755,7177,0.007177,143020,75,5
,,,,,
71972,15732,0.015732,287888,75,5
,,,,,
84999,18549,0.018549,339996,75,5
,,,,,
35756,7744,0.007744,143024,75,5
,,,,,
18628,3645,0.003645,74512,75,5
,,,,,
60664,13262,0.013262,242656,75,5
,,,,,
47637,10018,0.010018,190548,75,5
,,,,,
95709,21964,0.021964,382836,75,5
,,,,,
55697,11659,0.011659,222788,75,5
,,,,,
68575,15592,0.015592,274300,75,5
,,,,,
81462,19349,0.019349,325848,75,5
,,,,,
43467,9497,0.009497,173868,75,5
,,,,,
76391,17819,0.017819,305564,75,5
,,,,,
77886,16763,0.016763,311544,75,5
,,,,,
91418,20220,0.02022,365672,75,5
,,,,,
52623,10632,0.010632,210492,75,5
,,,,,
12798,2409,0.002409,51192,75,5
,,,,,
37732,7449,0.007449,150928,75,5
,,,,,
97799,21408,0.021408,391196,75,5
,,,,,
23790,4616,0.004616,95160,75,5
,,,,,
82460,17907,0.017907,329840,75,5
,,,,,
74626,16154,0.016154,298504,75,5
,,,,,
55089,11313,0.011313,220356,75,5
,,,,,
63478,14093,0.014093,253912,75,5
,,,,,
72768,15081,0.015081,291072,75,5
,,,,,
15493,2795,0.002795,61972,75,5
,,,,,
13875,2525,0.002525,55500,75,5
,,,,,
26720,5142,0.005142,106880,75,5
,,,,,
83483,17418,0.017418,333932,75,5
,,,,,
70687,15009,0.015009,282748,75,5
,,,,,
95218,22704,0.022704,380872,75,5
,,,,,
81180,17653,0.017653,324720,75,5
,,,,,
78268,16561,0.016561,313072,75,5
,,,,,
19347,3617,0.003617,77388,75,5
,,,,,
71918,15903,0.015903,287672,75,5
,,,,,
47126,10313,0.010313,188504,75,5
,,,,,
12812,2365,0.002365,51248,75,5
,,,,,
85110,19811,0.019811,340440,75,5
,,,,,
44395,9771,0.009771,177580,75,5
,,,,,
22765,4455,0.004455,91060,75,5
,,,,,
69203,15707,0.015707,276812,75,5
,,,,,
68167,14490,0.01449,272668,75,5
,,,,,
12192,2285,0.002285,48768,75,5
,,,,,
73953,14568,0.014568,295812,75,6
,,,,,
89835,19697,0.019697,359340,75,6
,,,,,
93959,19624,0.019624,375836,75,6
,,,,,
73294,14436,0.014436,293176,75,6
,,,,,
29284,5558,0.005558,117136,75,6
,,,,,
81628,15607,0.015607,326512,75,6
,,,,,
40798,7433,0.007433,163192,75,6
,,,,,
74975,14222,0.014222,299900,75,6
,,,,,
49820,9343,0.009343,199280,75,6
,,,,,
50887,9922,0.009922,203548,75,6
,,,,,
80200,15577,0.015577,320800,75,6
,,,,,
46370,9455,0.009455,185480,75,6
,,,,,
83481,18902,0.018902,333924,75,6
,,,,,
67074,14148,0.014148,268296,75,6
,,,,,
12958,2002,0.002002,51832,75,6
,,,,,
21660,3569,0.003569,86640,75,6
,,,,,
10326,1626,0.001626,41304,75,6
,,,,,
19424,3319,0.003319,77696,75,6
,,,,,
86077,16925,0.016925,344308,75,6
,,,,,
54695,10711,0.010711,218780,75,6
,,,,,
72620,14746,0.014746,290480,75,6
,,,,,
61451,12898,0.012898,245804,75,6
,,,,,
53220,10451,0.010451,212880,75,6
,,,,,
41227,8110,0.00811,164908,75,6
,,,,,
73578,14615,0.014615,294312,75,6
,,,,,
27124,6726,0.006726,108496,75,6
,,,,,
81270,15704,0.015704,325080,75,6
,,,,,
96237,19104,0.019104,384948,75,6
,,,,,
24247,4623,0.004623,96988,75,6
,,,,,
44532,8382,0.008382,178128,75,6
,,,,,
37611,6899,0.006899,150444,75,6
,,,,,
94823,21958,0.021958,379292,75,6
,,,,,
42849,7762,0.007762,171396,75,6
,,,,,
31344,5852,0.005852,125376,75,6
,,,,,
83340,17472,0.017472,333360,75,6
,,,,,
80484,15627,0.015627,321936,75,6
,,,,,
86207,19544,0.019544,344828,75,6
,,,,,
98423,18661,0.018661,393692,75,6
,,,,,
46272,8074,0.008074,185088,75,6
,,,,,
11669,1910,0.00191,46676,75,6
,,,,,
74529,14895,0.014895,298116,75,6
,,,,,
63878,12120,0.01212,255512,75,6
,,,,,
78129,14601,0.014601,312516,75,6
,,,,,
43786,8681,0.008681,175144,75,6
,,,,,
15931,2525,0.002525,63724,75,6
,,,,,
85718,15869,0.015869,342872,75,6
,,,,,
54192,9889,0.009889,216768,75,6
,,,,,
60396,11549,0.011549,241584,75,6
,,,,,
26228,4753,0.004753,104912,75,6
,,,,,
26680,4791,0.004791,106720,75,6
,,,,,
53277,10178,0.010178,213108,75,6
,,,,,
38332,6906,0.006906,153328,75,6
,,,,,
93967,19038,0.019038,375868,75,6
,,,,,
26584,4485,0.004485,106336,75,6
,,,,,
86451,17232,0.017232,345804,75,6
,,,,,
76757,14808,0.014808,307028,75,6
,,,,,
98451,19174,0.019174,393804,75,6
,,,,,
19769,3454,0.003454,79076,75,6
,,,,,
59628,11194,0.011194,238512,75,6
,,,,,
90126,18056,0.018056,360504,75,6
,,,,,
59354,11253,0.011253,237416,75,6
,,,,,
92871,18508,0.018508,371484,75,6
,,,,,
42595,8013,0.008013,170380,75,6
,,,,,
10269,1801,0.001801,41076,75,6
,,,,,
41851,8137,0.008137,167404,75,6
,,,,,
59353,12672,0.012672,237412,75,6
,,,,,
12531,2153,0.002153,50124,75,6
,,,,,
95784,22340,0.02234,383136,75,6
,,,,,
68114,13455,0.013455,272456,75,6
,,,,,
92819,18034,0.018034,371276,75,6
,,,,,
74978,15045,0.015045,299912,75,6
,,,,,
37805,7050,0.00705,151220,75,6
,,,,,
26666,5173,0.005173,106664,75,6
,,,,,
35059,6444,0.006444,140236,75,6
,,,,,
79285,14895,0.014895,317140,75,6
,,,,,
42726,7674,0.007674,170904,75,6
,,,,,
55898,10531,0.010531,223592,75,6
,,,,,
86233,17743,0.017743,344932,75,6
,,,,,
47211,9162,0.009162,188844,75,6
,,,,,
73504,17073,0.017073,294016,75,6
,,,,,
12657,2148,0.002148,50628,75,6
,,,,,
27859,5250,0.00525,111436,75,6
,,,,,
83674,19192,0.019192,334696,75,6
,,,,,
79833,16961,0.016961,319332,75,6
,,,,,
41613,7570,0.00757,166452,75,6
,,,,,
24026,4333,0.004333,96104,75,6
,,,,,
97396,19919,0.019919,389584,75,6
,,,,,
22159,4042,0.004042,88636,75,6
,,,,,
45492,8800,0.0088,181968,75,6
,,,,,
52419,11156,0.011156,209676,75,6
,,,,,
40060,8251,0.008251,160240,75,6
,,,,,
20422,3713,0.003713,81688,75,6
,,,,,
96232,21303,0.021303,384928,75,6
,,,,,
59123,11190,0.01119,236492,75,6
,,,,,
80658,15981,0.015981,322632,75,6
,,,,,
93795,18146,0.018146,375180,75,6
,,,,,
45215,8177,0.008177,180860,75,6
,,,,,
80077,15433,0.015433,320308,75,6
,,,,,
20288,3891,0.003891,81152,75,6
,,,,,
16611,3001,0.003001,66444,75,6
,,,,,
21940,6991,0.006991,87760,75,7
,,,,,
80425,30351,0.030351,321700,75,7
,,,,,
27411,7980,0.00798,109644,75,7
,,,,,
21295,5949,0.005949,85180,75,7
,,,,,
69470,24047,0.024047,277880,75,7
,,,,,
87569,30985,0.030985,350276,75,7
,,,,,
46120,15950,0.01595,184480,75,7
,,,,,
13954,3258,0.003258,55816,75,7
,,,,,
33429,10893,0.010893,133716,75,7
,,,,,
59417,19674,0.019674,237668,75,7
,,,,,
74097,24280,0.02428,296388,75,7
,,,,,
20282,5649,0.005649,81128,75,7
,,,,,
73504,24242,0.024242,294016,75,7
,,,,,
74637,29834,0.029834,298548,75,7
,,,,,
41013,16314,0.016314,164052,75,7
,,,,,
30431,12727,0.012727,121724,75,7
,,,,,
36591,14250,0.01425,146364,75,7
,,,,,
75192,31241,0.031241,300768,75,7
,,,,,
84123,36053,0.036053,336492,75,7
,,,,,
88108,36618,0.036618,352432,75,7
,,,,,
51907,20310,0.02031,207628,75,7
,,,,,
37399,15212,0.015212,149596,75,7
,,,,,
94566,36824,0.036824,378264,75,7
,,,,,
93300,32140,0.03214,373200,75,7
,,,,,
58368,20129,0.020129,233472,75,7
,,,,,
36203,28869,0.028869,144812,75,7
,,,,,
11620,2815,0.002815,46480,75,7
,,,,,
71227,23995,0.023995,284908,75,7
,,,,,
93502,31459,0.031459,374008,75,7
,,,,,
83421,42855,0.042855,333684,75,7
,,,,,
90713,40106,0.040106,362852,75,7
,,,,,
90003,33067,0.033067,360012,75,7
,,,,,
75122,29314,0.029314,300488,75,7
,,,,,
65282,21358,0.021358,261128,75,7
,,,,,
74687,24368,0.024368,298748,75,7
,,,,,
87390,27994,0.027994,349560,75,7
,,,,,
94544,31509,0.031509,378176,75,7
,,,,,
10637,2521,0.002521,42548,75,7
,,,,,
63154,20659,0.020659,252616,75,7
,,,,,
92689,29637,0.029637,370756,75,7
,,,,,
92104,31157,0.031157,368416,75,7
,,,,,
82807,29090,0.02909,331228,75,7
,,,,,
36682,12184,0.012184,146728,75,7
,,,,,
46202,15434,0.015434,184808,75,7
,,,,,
29269,9145,0.009145,117076,75,7
,,,,,
59381,20669,0.020669,237524,75,7
,,,,,
83518,30900,0.0309,334072,75,7
,,,,,
99833,33369,0.033369,399332,75,7
,,,,,
60332,19853,0.019853,241328,75,7
,,,,,
50761,16287,0.016287,203044,75,7
,,,,,
65770,22105,0.022105,263080,75,7
,,,,,
58890,20037,0.020037,235560,75,7
,,,,,
47442,16123,0.016123,189768,75,7
,,,,,
88118,29913,0.029913,352472,75,7
,,,,,
63750,21064,0.021064,255000,75,7
,,,,,
67992,23293,0.023293,271968,75,7
,,,,,
12688,3008,0.003008,50752,75,7
,,,,,
78900,33628,0.033628,315600,75,7
,,,,,
48238,16025,0.016025,192952,75,7
,,,,,
81924,29163,0.029163,327696,75,7
,,,,,
97528,36839,0.036839,390112,75,7
,,,,,
59152,20492,0.020492,236608,75,7
,,,,,
37364,12701,0.012701,149456,75,7
,,,,,
67834,23510,0.02351,271336,75,7
,,,,,
30085,9516,0.009516,120340,75,7
,,,,,
65656,23514,0.023514,262624,75,7
,,,,,
80272,27614,0.027614,321088,75,7
,,,,,
68867,22743,0.022743,275468,75,7
,,,,,
19573,5667,0.005667,78292,75,7
,,,,,
89983,31777,0.031777,359932,75,7
,,,,,
55151,19102,0.019102,220604,75,7
,,,,,
48201,16215,0.016215,192804,75,7
,,,,,
52918,17943,0.017943,211672,75,7
,,,,,
14019,3347,0.003347,56076,75,7
,,,,,
22947,6532,0.006532,91788,75,7
,,,,,
66471,23225,0.023225,265884,75,7
,,,,,
80608,29409,0.029409,322432,75,7
,,,,,
94554,32613,0.032613,378216,75,7
,,,,,
83763,27166,0.027166,335052,75,7
,,,,,
49154,15891,0.015891,196616,75,7
,,,,,
90181,29493,0.029493,360724,75,7
,,,,,
95146,30483,0.030483,380584,75,7
,,,,,
51668,17050,0.01705,206672,75,7
,,,,,
12963,2943,0.002943,51852,75,7
,,,,,
35014,11920,0.01192,140056,75,7
,,,,,
87873,30034,0.030034,351492,75,7
,,,,,
72375,24079,0.024079,289500,75,7
,,,,,
92154,33079,0.033079,368616,75,7
,,,,,
60576,20107,0.020107,242304,75,7
,,,,,
86343,32647,0.032647,345372,75,7
,,,,,
19088,5290,0.00529,76352,75,7
,,,,,
48903,15922,0.015922,195612,75,7
,,,,,
18398,4960,0.00496,73592,75,7
,,,,,
31667,10016,0.010016,126668,75,7
,,,,,
29216,8698,0.008698,116864,75,7
,,,,,
98707,32773,0.032773,394828,75,7
,,,,,
67454,23130,0.02313,269816,75,7
,,,,,
92975,30993,0.030993,371900,75,7
,,,,,
79997,26388,0.026388,319988,75,7
,,,,,
51825,17530,0.01753,207300,75,7
,,,,,
73088,7.06224e+06,7.06224,292352,100,5
,,,,,
66591,5.86642e+06,5.86642,266364,100,5
,,,,,
29531,1.14986e+06,1.14986,118124,100,5
,,,,,
82868,9.35321e+06,9.35321,331472,100,5
,,,,,
83939,9.13771e+06,9.13771,335756,100,5
,,,,,
85823,9.52529e+06,9.52529,343292,100,5
,,,,,
19907,499454,0.499454,79628,100,5
,,,,,
68788,6.11887e+06,6.11887,275152,100,5
,,,,,
82840,9.06988e+06,9.06988,331360,100,5
,,,,,
22398,640057,0.640057,89592,100,5
,,,,,
13736,239092,0.239092,54944,100,5
,,,,,
92410,1.10122e+07,11.0122,369640,100,5
,,,,,
50290,3.24198e+06,3.24199,201160,100,5
,,,,,
47254,2.88667e+06,2.88667,189016,100,5
,,,,,
89383,1.02154e+07,10.2154,357532,100,5
,,,,,
22729,663040,0.66304,90916,100,5
,,,,,
25547,831646,0.831646,102188,100,5
,,,,,
61658,4.87425e+06,4.87425,246632,100,5
,,,,,
78607,7.9838e+06,7.9838,314428,100,5
,,,,,
91995,1.09206e+07,10.9207,367980,100,5
,,,,,
30026,1.15788e+06,1.15788,120104,100,5
,,,,,
18465,444627,0.444627,73860,100,5
,,,,,
63555,5.27023e+06,5.27023,254220,100,5
,,,,,
59777,4.64499e+06,4.64499,239108,100,5
,,,,,
75039,7.29266e+06,7.29267,300156,100,5
,,,,,
81655,8.64637e+06,8.64637,326620,100,5
,,,,,
94504,1.15654e+07,11.5654,378016,100,5
,,,,,
12156,185925,0.185925,48624,100,5
,,,,,
88801,1.02417e+07,10.2417,355204,100,5
,,,,,
12247,194315,0.194315,48988,100,5
,,,,,
71248,6.6082e+06,6.6082,284992,100,5
,,,,,
61889,4.90073e+06,4.90073,247556,100,5
,,,,,
68838,6.11851e+06,6.11851,275352,100,5
,,,,,
97131,1.22532e+07,12.2532,388524,100,5
,,,,,
51109,3.37725e+06,3.37725,204436,100,5
,,,,,
59130,4.67881e+06,4.67881,236520,100,5
,,,,,
89307,1.01912e+07,10.1912,357228,100,5
,,,,,
61016,4.76094e+06,4.76094,244064,100,5
,,,,,
27918,994140,0.99414,111672,100,5
,,,,,
78499,7.88708e+06,7.88708,313996,100,5
,,,,,
73414,6.9428e+06,6.9428,293656,100,5
,,,,,
38007,1.90007e+06,1.90007,152028,100,5
,,,,,
70910,6.4672e+06,6.4672,283640,100,5
,,,,,
30056,1.1528e+06,1.1528,120224,100,5
,,,,,
75261,7.21312e+06,7.21312,301044,100,5
,,,,,
60293,4.6308e+06,4.6308,241172,100,5
,,,,,
42786,2.34558e+06,2.34558,171144,100,5
,,,,,
97160,1.23095e+07,12.3095,388640,100,5
,,,,,
28303,1.00969e+06,1.00969,113212,100,5
,,,,,
27745,970381,0.970381,110980,100,5
,,,,,
89155,1.02914e+07,10.2914,356620,100,5
,,,,,
48329,2.99669e+06,2.99669,193316,100,5
,,,,,
36211,1.67798e+06,1.67798,144844,100,5
,,,,,
52711,3.58725e+06,3.58725,210844,100,5
,,,,,
98106,1.23388e+07,12.3388,392424,100,5
,,,,,
17602,401451,0.401451,70408,100,5
,,,,,
40718,2.14079e+06,2.14079,162872,100,5
,,,,,
98962,1.26915e+07,12.6915,395848,100,5
,,,,,
19758,507529,0.507529,79032,100,5
,,,,,
29519,1.10441e+06,1.10441,118076,100,5
,,,,,
11209,173902,0.173902,44836,100,5
,,,,,
87358,9.81952e+06,9.81952,349432,100,5
,,,,,
87760,9.90574e+06,9.90574,351040,100,5
,,,,,
76400,7.64891e+06,7.64891,305600,100,5
,,,,,
90842,1.06913e+07,10.6913,363368,100,5
,,,,,
38869,1.92834e+06,1.92834,155476,100,5
,,,,,
35530,1.59818e+06,1.59818,142120,100,5
,,,,,
80149,8.33996e+06,8.33996,320596,100,5
,,,,,
89886,1.04823e+07,10.4823,359544,100,5
,,,,,
59800,4.61028e+06,4.61028,239200,100,5
,,,,,
58648,4.49906e+06,4.49906,234592,100,5
,,,,,
63300,5.20682e+06,5.20681,253200,100,5
,,,,,
94159,1.14851e+07,11.4851,376636,100,5
,,,,,
35910,1.6413e+06,1.6413,143640,100,5
,,,,,
89709,1.042e+07,10.42,358836,100,5
,,,,,
75772,7.48608e+06,7.48608,303088,100,5
,,,,,
92555,1.10595e+07,11.0595,370220,100,5
,,,,,
32495,1.37702e+06,1.37702,129980,100,5
,,,,,
72932,6.8996e+06,6.8996,291728,100,5
,,,,,
20858,558240,0.55824,83432,100,5
,,,,,
56592,4.09791e+06,4.09791,226368,100,5
,,,,,
68440,5.96701e+06,5.96701,273760,100,5
,,,,,
59188,4.51679e+06,4.51679,236752,100,5
,,,,,
82803,8.84623e+06,8.84623,331212,100,5
,,,,,
27503,971469,0.971469,110012,100,5
,,,,,
63646,5.18619e+06,5.18619,254584,100,5
,,,,,
96757,1.20134e+07,12.0134,387028,100,5
,,,,,
58221,4.36414e+06,4.36414,232884,100,5
,,,,,
68961,6.14918e+06,6.14918,275844,100,5
,,,,,
22868,670384,0.670384,91472,100,5
,,,,,
84092,9.11636e+06,9.11636,336368,100,5
,,,,,
76522,7.60309e+06,7.60309,306088,100,5
,,,,,
10226,135146,0.135146,40904,100,5
,,,,,
71852,6.625e+06,6.625,287408,100,5
,,,,,
52922,3.59561e+06,3.59561,211688,100,5
,,,,,
97420,1.21922e+07,12.1922,389680,100,5
,,,,,
17073,380202,0.380202,68292,100,5
,,,,,
84804,9.21333e+06,9.21333,339216,100,5
,,,,,
77569,7.76014e+06,7.76014,310276,100,5
,,,,,
96959,1.21205e+07,12.1205,387836,100,5
,,,,,
50957,8.55224e+06,8.55223,203828,100,6
,,,,,
42570,6.02085e+06,6.02085,170280,100,6
,,,,,
66612,1.47043e+07,14.7043,266448,100,6
,,,,,
45116,6.77021e+06,6.77021,180464,100,6
,,,,,
74832,1.87164e+07,18.7164,299328,100,6
,,,,,
56321,1.04976e+07,10.4976,225284,100,6
,,,,,
20889,1.4398e+06,1.43979,83556,100,6
,,,,,
67388,1.51767e+07,15.1767,269552,100,6
,,,,,
85168,2.42261e+07,24.2261,340672,100,6
,,,,,
90173,2.7103e+07,27.103,360692,100,6
,,,,,
78246,2.05046e+07,20.5046,312984,100,6
,,,,,
41760,5.79803e+06,5.79803,167040,100,6
,,,,,
58613,1.13872e+07,11.3872,234452,100,6
,,,,,
43786,6.32868e+06,6.32868,175144,100,6
,,,,,
30916,3.16182e+06,3.16181,123664,100,6
,,,,,
76116,1.93169e+07,19.3169,304464,100,6
,,,,,
13785,624235,0.624235,55140,100,6
,,,,,
27673,2.53518e+06,2.53518,110692,100,6
,,,,,
40689,5.496e+06,5.496,162756,100,6
,,,,,
72746,1.77785e+07,17.7785,290984,100,6
,,,,,
40541,5.43773e+06,5.43773,162164,100,6
,,,,,
31133,3.17028e+06,3.17028,124532,100,6
,,,,,
49268,8.06118e+06,8.06118,197072,100,6
,,,,,
47120,7.29666e+06,7.29666,188480,100,6
